alt_text,audio,coauthor_producers,content_id,content_type,date_posted,description,engagement_score_view,followers,hashtags,images,input,is_paid_partnership,is_verified,latest_comments,likes,num_comments,partnership_details,photos,photos_number,pk,post_content,post_id,posts_count,product_type,profile_image_link,profile_url,shortcode,tagged_users,thumbnail,timestamp,url,user_posted,user_posted_id,video_play_count,video_view_count,videos,videos_duration
,"{""audio_asset_id"": ""2300809273711830"", ""original_audio_title"": ""Original audio"", ""ig_artist_username"": ""papa.de.cuatro"", ""ig_artist_id"": ""papa.de.cuatro""}","[""mama.de.cuatro""]",DOM3fIJCbkd,Reel,2025-09-05T00:51:19.000Z,"üòÇüòÇüòÇ Com√©ntanos c√≥mo te ‚Äúrelajas‚Äù en tu casa, nos urgen tips 

#Maternidad #mama #mamadecuatro",10146,230082,"[""#Maternidad"", ""#mama"", ""#mamadecuatro""]",[],"{""url"": ""https://www.instagram.com/p/DOM3fIJCbkd/""}",False,True,"[{""comments"": ""Yo me sigo escondiendo un rato en el carro antes de entrar a la casa jajajajajjaa y eso que ya no tengo chiquitos!!!"", ""user_commenting"": ""sweetpeasbows.mx"", ""likes"": 0, ""profile_picture"": ""https://scontent-atl3-2.cdninstagram.com/v/t51.2885-19/530900111_18051665594568905_4232060928898645087_n.jpg?stp=dst-jpg_s150x150_tt6&efg=eyJ2ZW5jb2RlX3RhZyI6InByb2ZpbGVfcGljLmRqYW5nby41NDIuYzIifQ&_nc_ht=scontent-atl3-2.cdninstagram.com&_nc_cat=105&_nc_oc=Q6cZ2QEKix2c3QDk6VdtViOuXoFda7GCfPgeY6G-sHNXMA5nwWRT92SoZSiVGjAoif2s6yM&_nc_ohc=pvnmzpXf2xEQ7kNvwG7CCla&_nc_gid=kvhw0oRrovXc3bsX6Z_SOA&edm=ANTKIIoBAAAA&ccb=7-5&oh=00_AfY2BW_qWWeX-b54pLoZZjY6s7hbq4oNYC5EimoGVAW00g&oe=68C8F13A&_nc_sid=d885a2""}, {""comments"": ""Mis hijos nunca duermen siestas, porque nunca lo han pedido, pero son muy activos, saben que hay reglas y tienen que dormirse si o si a m√°s tardar determinada hora, las vacaciones son las que me alteran esa rutina de horarios pero lo acepto para que disfruten sus vacaciones qu√© jam√°s volver√°n a tener as√≠ cuando sean grandes."", ""user_commenting"": ""kalayzabal"", ""likes"": 1, ""replies"": [{""comments"": ""Entonces, ellos despiertan m√°s tardecito y yo me tom√≥ un caf√© en silencio üòÇ"", ""user_commenting"": ""kalayzabal"", ""likes"": 0}], ""profile_picture"": ""https://scontent-atl3-3.cdninstagram.com/v/t51.2885-19/83438282_477390599804698_307984511293980672_n.jpg?stp=dst-jpg_s150x150_tt6&efg=eyJ2ZW5jb2RlX3RhZyI6InByb2ZpbGVfcGljLmRqYW5nby4xMDgwLmMyIn0&_nc_ht=scontent-atl3-3.cdninstagram.com&_nc_cat=110&_nc_oc=Q6cZ2QEKix2c3QDk6VdtViOuXoFda7GCfPgeY6G-sHNXMA5nwWRT92SoZSiVGjAoif2s6yM&_nc_ohc=zEsaUjqtRREQ7kNvwGOECtR&_nc_gid=kvhw0oRrovXc3bsX6Z_SOA&edm=ANTKIIoBAAAA&ccb=7-5&oh=00_AfZoiuj_7iK1ckoiJbt3u447hfMTK_PKyHQVgfupsuDZPw&oe=68C8C508&_nc_sid=d885a2""}, {""comments"": ""Viniendo a @pontespaurbano üßòüèª‚Äç‚ôÄÔ∏èüòå hoy y ma√±ana tenemos el masaje relajante en $650mujer y $750hombre yyyyy lo mejor incluye 30min de Presoterapia gratis üôÇ‚Äç‚ÜîÔ∏è"", ""user_commenting"": ""pontespaurbano"", ""likes"": 2, ""profile_picture"": ""https://scontent-atl3-2.cdninstagram.com/v/t51.2885-19/329536354_981609526142306_176831702570399851_n.jpg?stp=dst-jpg_s150x150_tt6&efg=eyJ2ZW5jb2RlX3RhZyI6InByb2ZpbGVfcGljLmRqYW5nby42MTIuYzIifQ&_nc_ht=scontent-atl3-2.cdninstagram.com&_nc_cat=102&_nc_oc=Q6cZ2QEKix2c3QDk6VdtViOuXoFda7GCfPgeY6G-sHNXMA5nwWRT92SoZSiVGjAoif2s6yM&_nc_ohc=nolf2eMF6CgQ7kNvwHOipqX&_nc_gid=kvhw0oRrovXc3bsX6Z_SOA&edm=ANTKIIoBAAAA&ccb=7-5&oh=00_Afa0rcgeC9qq3wAzNtuZ3bH-R7gnawipIQgkphOEe8NO6A&oe=68C8F853&_nc_sid=d885a2""}]",230,21,"{""profile_id"": null, ""username"": null, ""profile_url"": null}","[""https://scontent-atl3-3.cdninstagram.com/v/t51.2885-15/542747951_769218415975471_7754885274217434553_n.jpg?stp=dst-jpg_e15_tt6&_nc_ht=scontent-atl3-3.cdninstagram.com&_nc_cat=107&_nc_oc=Q6cZ2QEKix2c3QDk6VdtViOuXoFda7GCfPgeY6G-sHNXMA5nwWRT92SoZSiVGjAoif2s6yM&_nc_ohc=S7SQSwqSA4AQ7kNvwEVTa-_&_nc_gid=kvhw0oRrovXc3bsX6Z_SOA&edm=ANTKIIoBAAAA&ccb=7-5&oh=00_AfYKKME03_8Yg21IR8Fg7yQuAHvXMKv2chHNPO9gN4W5iA&oe=68C8DBD9&_nc_sid=d885a2""]",0,3714587824277272861,"[{""index"": 0, ""type"": ""Video"", ""url"": ""https://scontent-atl3-3.cdninstagram.com/o1/v/t2/f2/m86/AQN5b36fYRr_epFtEIcfE_nkyj1lezrNWmDDR4IGjI9GZt5TKwwi5FjOj-sBTC9syZvKecUQfJ2edE9cOR_i8NjgR9ZNe4F33idWHzA.mp4?_nc_cat=108&_nc_sid=5e9851&_nc_ht=scontent-atl3-3.cdninstagram.com&_nc_ohc=-A0cvFAPjmEQ7kNvwEkyMAW&efg=eyJ2ZW5jb2RlX3RhZyI6Inhwdl9wcm9ncmVzc2l2ZS5JTlNUQUdSQU0uQ0xJUFMuQzMuNzIwLmRhc2hfYmFzZWxpbmVfMV92MSIsInhwdl9hc3NldF9pZCI6MTMzNTM2ODg1MTI3OTI4MSwidmlfdXNlY2FzZV9pZCI6MTAwOTksImR1cmF0aW9uX3MiOjM1LCJ1cmxnZW5fc291cmNlIjoid3d3In0%3D&ccb=17-1&vs=29c6e6d49cf0c285&_nc_vs=HBksFQIYUmlnX3hwdl9yZWVsc19wZXJtYW5lbnRfc3JfcHJvZC8yQjRERkZCM0U3QkI2Q0MwMEI0MDg4NjBGOTAwNjVCQV92aWRlb19kYXNoaW5pdC5tcDQVAALIARIAFQIYOnBhc3N0aHJvdWdoX2V2ZXJzdG9yZS9HSEwtY2lDc0ZzRUZHb1lFQUtVR3Fvb2UyaW9EYnFfRUFBQUYVAgLIARIAKAAYABsCiAd1c2Vfb2lsATEScHJvZ3Jlc3NpdmVfcmVjaXBlATEVAAAm4rayoNmg3wQVAigCQzMsF0BB3dLxqfvnGBJkYXNoX2Jhc2VsaW5lXzFfdjERAHX-B2XmnQEA&_nc_gid=kvhw0oRrovXc3bsX6Z_SOA&_nc_zt=28&oh=00_AfZQew3QxaqPNpNYxjNK86wzxvGQnKCaTxmLAioo9F7YPQ&oe=68C4D345"", ""id"": ""3714587824277272861""}]",3714587824277272861,1135,clips,https://scontent-atl3-1.cdninstagram.com/v/t51.2885-19/483858167_8936707516457249_1690554388437779266_n.jpg?stp=dst-jpg_s150x150_tt6&efg=eyJ2ZW5jb2RlX3RhZyI6InByb2ZpbGVfcGljLmRqYW5nby4xMDY2LmMyIn0&_nc_ht=scontent-atl3-1.cdninstagram.com&_nc_cat=1&_nc_oc=Q6cZ2QEKix2c3QDk6VdtViOuXoFda7GCfPgeY6G-sHNXMA5nwWRT92SoZSiVGjAoif2s6yM&_nc_ohc=qQ9MoGabj6YQ7kNvwG6wBmw&_nc_gid=kvhw0oRrovXc3bsX6Z_SOA&edm=ANTKIIoBAAAA&ccb=7-5&oh=00_AfZ1LuXQjaZ0p9yaRLhgi3jUHCtY3hLc6m8UD5iRnzqbwg&oe=68C8F81F&_nc_sid=d885a2,https://www.instagram.com/papa.de.cuatro,DOM3fIJCbkd,"[{""full_name"": ""Mam√° de Cuatro"", ""id"": ""29225424"", ""is_verified"": false, ""profile_pic_url"": ""https://scontent-atl3-1.cdninstagram.com/v/t51.2885-19/520620671_18512930164041425_2717458029593721240_n.jpg?stp=dst-jpg_s150x150_tt6&efg=eyJ2ZW5jb2RlX3RhZyI6InByb2ZpbGVfcGljLmRqYW5nby4xMDgwLmMyIn0&_nc_ht=scontent-atl3-1.cdninstagram.com&_nc_cat=1&_nc_oc=Q6cZ2QEKix2c3QDk6VdtViOuXoFda7GCfPgeY6G-sHNXMA5nwWRT92SoZSiVGjAoif2s6yM&_nc_ohc=bO5bgby2RJEQ7kNvwE0iSXD&_nc_gid=kvhw0oRrovXc3bsX6Z_SOA&edm=ANTKIIoBAAAA&ccb=7-5&oh=00_Afapq2Hd13auOpLLC3DZTSSUtkfhQBbQHp80-OHaY0yjhw&oe=68C8F4D5&_nc_sid=d885a2"", ""username"": ""mama.de.cuatro""}]",https://scontent-atl3-3.cdninstagram.com/v/t51.2885-15/542747951_769218415975471_7754885274217434553_n.jpg?stp=c0.248.640.640a_dst-jpg_e15_tt6&_nc_ht=scontent-atl3-3.cdninstagram.com&_nc_cat=107&_nc_oc=Q6cZ2QEKix2c3QDk6VdtViOuXoFda7GCfPgeY6G-sHNXMA5nwWRT92SoZSiVGjAoif2s6yM&_nc_ohc=S7SQSwqSA4AQ7kNvwEVTa-_&_nc_gid=kvhw0oRrovXc3bsX6Z_SOA&edm=ANTKIIoBAAAA&ccb=7-5&oh=00_AfbdrQ9elsecw2tgAiuVxkIBckAJ8zSd_FA92ZVqH6Jd4A&oe=68C8DBD9&_nc_sid=d885a2,2025-09-11T17:53:28.649Z,https://www.instagram.com/p/DOM3fIJCbkd/,papa.de.cuatro,145531926,24866,10146,"[""https://scontent-atl3-3.cdninstagram.com/o1/v/t2/f2/m86/AQN5b36fYRr_epFtEIcfE_nkyj1lezrNWmDDR4IGjI9GZt5TKwwi5FjOj-sBTC9syZvKecUQfJ2edE9cOR_i8NjgR9ZNe4F33idWHzA.mp4?_nc_cat=108&_nc_sid=5e9851&_nc_ht=scontent-atl3-3.cdninstagram.com&_nc_ohc=-A0cvFAPjmEQ7kNvwEkyMAW&efg=eyJ2ZW5jb2RlX3RhZyI6Inhwdl9wcm9ncmVzc2l2ZS5JTlNUQUdSQU0uQ0xJUFMuQzMuNzIwLmRhc2hfYmFzZWxpbmVfMV92MSIsInhwdl9hc3NldF9pZCI6MTMzNTM2ODg1MTI3OTI4MSwidmlfdXNlY2FzZV9pZCI6MTAwOTksImR1cmF0aW9uX3MiOjM1LCJ1cmxnZW5fc291cmNlIjoid3d3In0%3D&ccb=17-1&vs=29c6e6d49cf0c285&_nc_vs=HBksFQIYUmlnX3hwdl9yZWVsc19wZXJtYW5lbnRfc3JfcHJvZC8yQjRERkZCM0U3QkI2Q0MwMEI0MDg4NjBGOTAwNjVCQV92aWRlb19kYXNoaW5pdC5tcDQVAALIARIAFQIYOnBhc3N0aHJvdWdoX2V2ZXJzdG9yZS9HSEwtY2lDc0ZzRUZHb1lFQUtVR3Fvb2UyaW9EYnFfRUFBQUYVAgLIARIAKAAYABsCiAd1c2Vfb2lsATEScHJvZ3Jlc3NpdmVfcmVjaXBlATEVAAAm4rayoNmg3wQVAigCQzMsF0BB3dLxqfvnGBJkYXNoX2Jhc2VsaW5lXzFfdjERAHX-B2XmnQEA&_nc_gid=kvhw0oRrovXc3bsX6Z_SOA&_nc_zt=28&oh=00_AfZQew3QxaqPNpNYxjNK86wzxvGQnKCaTxmLAioo9F7YPQ&oe=68C4D345""]","[{""url"": ""https://scontent-atl3-3.cdninstagram.com/o1/v/t2/f2/m86/AQN5b36fYRr_epFtEIcfE_nkyj1lezrNWmDDR4IGjI9GZt5TKwwi5FjOj-sBTC9syZvKecUQfJ2edE9cOR_i8NjgR9ZNe4F33idWHzA.mp4?_nc_cat=108&_nc_sid=5e9851&_nc_ht=scontent-atl3-3.cdninstagram.com&_nc_ohc=-A0cvFAPjmEQ7kNvwEkyMAW&efg=eyJ2ZW5jb2RlX3RhZyI6Inhwdl9wcm9ncmVzc2l2ZS5JTlNUQUdSQU0uQ0xJUFMuQzMuNzIwLmRhc2hfYmFzZWxpbmVfMV92MSIsInhwdl9hc3NldF9pZCI6MTMzNTM2ODg1MTI3OTI4MSwidmlfdXNlY2FzZV9pZCI6MTAwOTksImR1cmF0aW9uX3MiOjM1LCJ1cmxnZW5fc291cmNlIjoid3d3In0%3D&ccb=17-1&vs=29c6e6d49cf0c285&_nc_vs=HBksFQIYUmlnX3hwdl9yZWVsc19wZXJtYW5lbnRfc3JfcHJvZC8yQjRERkZCM0U3QkI2Q0MwMEI0MDg4NjBGOTAwNjVCQV92aWRlb19kYXNoaW5pdC5tcDQVAALIARIAFQIYOnBhc3N0aHJvdWdoX2V2ZXJzdG9yZS9HSEwtY2lDc0ZzRUZHb1lFQUtVR3Fvb2UyaW9EYnFfRUFBQUYVAgLIARIAKAAYABsCiAd1c2Vfb2lsATEScHJvZ3Jlc3NpdmVfcmVjaXBlATEVAAAm4rayoNmg3wQVAigCQzMsF0BB3dLxqfvnGBJkYXNoX2Jhc2VsaW5lXzFfdjERAHX-B2XmnQEA&_nc_gid=kvhw0oRrovXc3bsX6Z_SOA&_nc_zt=28&oh=00_AfZQew3QxaqPNpNYxjNK86wzxvGQnKCaTxmLAioo9F7YPQ&oe=68C4D345"", ""video_duration"": 35.733}]"
,"{""audio_asset_id"": ""1479886943321259"", ""original_audio_title"": ""Original audio"", ""ig_artist_username"": ""giannacristante"", ""ig_artist_id"": ""giannacristante""}",,DOMzsK4D7Zs,Reel,2025-09-05T00:17:49.000Z,"Que fue lo primero que dejaste de hacer cuando te convertiste en mam√°? ü•πüíï 
Estoy atravesando el momento m√°s hermoso de mi vida pero tambi√©n el m√°s retador.. hay cosas que extra√±o de mi, que merecen volver. Y me encantar√≠a leerte mam√°, para transitar estas dudas, miedos e incertidumbres juntas ü§ç‚ú® 

Cu√©ntame, que extra√±as de tu ‚Äúyo‚Äù antes de ser mam√°?",8393,53904,,[],"{""url"": ""https://www.instagram.com/p/DOMzsK4D7Zs/""}",False,False,"[{""comments"": ""Tener tiempo para mi y procurar mi salud mental. Me enfoque tanto en ser mam√° que incluso se me olvidaba hasta comer (mi beb√© fue un nene de alt√≠sima demanda) y puff, no pod√≠a separarme de √©l ni un instante ü•∫"", ""user_commenting"": ""naho.rm"", ""likes"": 0, ""profile_picture"": ""https://scontent-atl3-2.cdninstagram.com/v/t51.2885-19/496254399_18496870009039552_2804530735877888624_n.jpg?stp=dst-jpg_s150x150_tt6&efg=eyJ2ZW5jb2RlX3RhZyI6InByb2ZpbGVfcGljLmRqYW5nby4xMDgwLmMyIn0&_nc_ht=scontent-atl3-2.cdninstagram.com&_nc_cat=104&_nc_oc=Q6cZ2QEbgzJJcc8jSsJGZboCSnfSpllDKIFMPsjHhdJtImaX2ezYqE9zvmUtM9miG-0kIm8&_nc_ohc=ByoDEOhFTBgQ7kNvwEfbPIL&_nc_gid=Ju-zSWyFTbEt8k6Ki-wWXg&edm=ANTKIIoBAAAA&ccb=7-5&oh=00_AfardzLnw9NwPwd6lpsjlcIGov3iNXZsSIvMb4tHxEa9VA&oe=68C8DC12&_nc_sid=d885a2""}, {""comments"": ""ü•π te amo"", ""user_commenting"": ""emipasternak"", ""likes"": 0, ""profile_picture"": ""https://scontent-atl3-1.cdninstagram.com/v/t51.2885-19/395557301_2341431269390859_6625321562101483504_n.jpg?stp=dst-jpg_s150x150_tt6&efg=eyJ2ZW5jb2RlX3RhZyI6InByb2ZpbGVfcGljLmRqYW5nby4xMDgwLmMyIn0&_nc_ht=scontent-atl3-1.cdninstagram.com&_nc_cat=103&_nc_oc=Q6cZ2QEbgzJJcc8jSsJGZboCSnfSpllDKIFMPsjHhdJtImaX2ezYqE9zvmUtM9miG-0kIm8&_nc_ohc=nA4PTvy9xBwQ7kNvwFo56RW&_nc_gid=Ju-zSWyFTbEt8k6Ki-wWXg&edm=ANTKIIoBAAAA&ccb=7-5&oh=00_AfYymUh5Iiuqq-Qo7BktpjKsaTVOu_4Ynu1HpaRrmYuhKw&oe=68C8D8D8&_nc_sid=d885a2""}, {""comments"": ""Lo primero que dej√© de hacer fue cuidar mi salud mental. De repente ten√≠a encima una responsabilidad enorme porque Xio fue prematura, la de dos casas (situaci√≥n personal) y todo el pos parto. Sin el apoyo de una pareja presente üò¢"", ""user_commenting"": ""xiogr"", ""likes"": 0, ""replies"": [{""comments"": ""@xiogr suma la lactancia que debes de cuidar todo lo que tomas, empez√≥ mi peor crisis!"", ""user_commenting"": ""xiogr"", ""likes"": 0}], ""profile_picture"": ""https://scontent-atl3-2.cdninstagram.com/v/t51.2885-19/532122146_18520120000039657_1945299153174844448_n.jpg?stp=dst-jpg_s150x150_tt6&efg=eyJ2ZW5jb2RlX3RhZyI6InByb2ZpbGVfcGljLmRqYW5nby4xMDgwLmMyIn0&_nc_ht=scontent-atl3-2.cdninstagram.com&_nc_cat=101&_nc_oc=Q6cZ2QEbgzJJcc8jSsJGZboCSnfSpllDKIFMPsjHhdJtImaX2ezYqE9zvmUtM9miG-0kIm8&_nc_ohc=rQQc7q1UjysQ7kNvwGMycs8&_nc_gid=Ju-zSWyFTbEt8k6Ki-wWXg&edm=ANTKIIoBAAAA&ccb=7-5&oh=00_AfaQAJSJuj6-ETYg-6qyVzTMenKE7A2D2hifTcGaKsVZzA&oe=68C8C4A0&_nc_sid=d885a2""}, {""comments"": ""‚ù§Ô∏è‚ù§Ô∏è‚ù§Ô∏è‚ù§Ô∏è"", ""user_commenting"": ""krn.ar.11"", ""likes"": 0, ""profile_picture"": ""https://scontent-atl3-1.cdninstagram.com/v/t51.2885-19/482334224_627788359993902_3995973335436288311_n.jpg?stp=dst-jpg_s150x150_tt6&efg=eyJ2ZW5jb2RlX3RhZyI6InByb2ZpbGVfcGljLmRqYW5nby4xMDgwLmMyIn0&_nc_ht=scontent-atl3-1.cdninstagram.com&_nc_cat=106&_nc_oc=Q6cZ2QEbgzJJcc8jSsJGZboCSnfSpllDKIFMPsjHhdJtImaX2ezYqE9zvmUtM9miG-0kIm8&_nc_ohc=O_cPz_OVdwkQ7kNvwFgGHYm&_nc_gid=Ju-zSWyFTbEt8k6Ki-wWXg&edm=ANTKIIoBAAAA&ccb=7-5&oh=00_AfbLGTamutV1VH6GG7wSPAGilHzXFqzZqRbdymtjpCdvZA&oe=68C8F2C8&_nc_sid=d885a2""}, {""comments"": ""Dedicarme tiempo. Amarme a m√≠ tambi√©n. Preocuparme por mi"", ""user_commenting"": ""evaraptor"", ""likes"": 0, ""profile_picture"": ""https://scontent-atl3-3.cdninstagram.com/v/t51.2885-19/521161884_18515850181014128_3216582293713781009_n.jpg?stp=dst-jpg_s150x150_tt6&efg=eyJ2ZW5jb2RlX3RhZyI6InByb2ZpbGVfcGljLmRqYW5nby45NTguYzIifQ&_nc_ht=scontent-atl3-3.cdninstagram.com&_nc_cat=108&_nc_oc=Q6cZ2QEbgzJJcc8jSsJGZboCSnfSpllDKIFMPsjHhdJtImaX2ezYqE9zvmUtM9miG-0kIm8&_nc_ohc=YxW2uRZqdhwQ7kNvwEvEZug&_nc_gid=Ju-zSWyFTbEt8k6Ki-wWXg&edm=ANTKIIoBAAAA&ccb=7-5&oh=00_Afb6XKpN0vVLcOK1MgNzGBX51PWq3DzSqekrzB2jlWcMRw&oe=68C8CFE2&_nc_sid=d885a2""}, {""comments"": ""Me abandon√© ami los primeros meses de mi beb√© , lo m√°s importante para mi era atenderla completamente a ella pero ahora est√° m√°s grande y eh podido organizarme y cuidarla y cuidar de mi me doy tiempo para hacer ejercicio pero extra√±o arreglarme con tiempo vestirme y sentirme bien con lo que me ponga , ba√±arme sin prisas , pero no cambiar√≠a nada amo ser mam√° ü§ç"", ""user_commenting"": ""gt_amii"", ""likes"": 0, ""profile_picture"": ""https://instagram.fcor2-2.fna.fbcdn.net/v/t51.2885-19/464760996_1254146839119862_3605321457742435801_n.png?stp=dst-jpg_e0_s150x150_tt6&efg=eyJ2ZW5jb2RlX3RhZyI6InByb2ZpbGVfcGljLmRqYW5nby4xNTAuYzIifQ&_nc_ht=instagram.fcor2-2.fna.fbcdn.net&_nc_cat=1&_nc_oc=Q6cZ2QEFpLK2MOHnaoiqj6SL_Y8a-IPRR0qpT29__9nFokRiKvJ_cqZ8tT798jI72Ch9CMA&_nc_ohc=UnysipfxUs4Q7kNvwFUPpOA&_nc_gid=M4ANvtX7_feDH6s9F3piTQ&edm=AA0lj5EBAAAA&ccb=7-5&ig_cache_key=YW5vbnltb3VzX3Byb2ZpbGVfcGlj.3-ccb7-5&oh=00_AfbMSR_seIllf6E_9mJRrbRS5l5NFoB9JvcxWwA09vB_6A&oe=68C8D3E8&_nc_sid=0a490e""}, {""comments"": ""Extra√±o ir al gimnasio sin culpa, arreglarme y maquillarme sin prisas, sentirme segura con mi cuerpo o extra√±ar mi peso anterior, las estr√≠as y cicatrices. Pero todo vale la pena ü•π‚ù§Ô∏è"", ""user_commenting"": ""mariannn.rocha"", ""likes"": 1, ""profile_picture"": ""https://scontent-atl3-2.cdninstagram.com/v/t51.2885-19/517810306_18518574715009997_4576507285351941875_n.jpg?stp=dst-jpg_s150x150_tt6&efg=eyJ2ZW5jb2RlX3RhZyI6InByb2ZpbGVfcGljLmRqYW5nby4xMDgwLmMyIn0&_nc_ht=scontent-atl3-2.cdninstagram.com&_nc_cat=105&_nc_oc=Q6cZ2QEbgzJJcc8jSsJGZboCSnfSpllDKIFMPsjHhdJtImaX2ezYqE9zvmUtM9miG-0kIm8&_nc_ohc=CeZDKZrS4xsQ7kNvwFC0DFi&_nc_gid=Ju-zSWyFTbEt8k6Ki-wWXg&edm=ANTKIIoBAAAA&ccb=7-5&oh=00_AfaBSxKnj84HTRsgD9JoYWn4nXTEkgVV_0W52VtyxsEoPw&oe=68C8F566&_nc_sid=d885a2""}, {""comments"": ""Hermoso !"", ""user_commenting"": ""angeles_siniscalchi"", ""likes"": 0, ""profile_picture"": ""https://scontent-atl3-2.cdninstagram.com/v/t51.2885-19/277267478_153223903820117_4817359077744098213_n.jpg?stp=dst-jpg_s150x150_tt6&efg=eyJ2ZW5jb2RlX3RhZyI6InByb2ZpbGVfcGljLmRqYW5nby4xMDgwLmMyIn0&_nc_ht=scontent-atl3-2.cdninstagram.com&_nc_cat=105&_nc_oc=Q6cZ2QEbgzJJcc8jSsJGZboCSnfSpllDKIFMPsjHhdJtImaX2ezYqE9zvmUtM9miG-0kIm8&_nc_ohc=AHE9UDr3ZLsQ7kNvwH5mDm_&_nc_gid=Ju-zSWyFTbEt8k6Ki-wWXg&edm=ANTKIIoBAAAA&ccb=7-5&oh=00_AfaXFNwQvEZxPSw6vphxzz7P30iTh4-DSHSy9m04ZagRPA&oe=68C8EB4D&_nc_sid=d885a2""}, {""comments"": ""Ay Gi, me encanta verte, eres una mam√° excelente y bonita, con un hijo hermoso, Diosito los cuide siempreü©µüôÇ‚Äç‚ÜïÔ∏è"", ""user_commenting"": ""_ximenarios01_"", ""likes"": 0, ""profile_picture"": ""https://scontent-atl3-1.cdninstagram.com/v/t51.2885-19/545370200_18384062695134075_4901701155565464209_n.jpg?stp=dst-jpg_s150x150_tt6&efg=eyJ2ZW5jb2RlX3RhZyI6InByb2ZpbGVfcGljLmRqYW5nby4xMDgwLmMyIn0&_nc_ht=scontent-atl3-1.cdninstagram.com&_nc_cat=103&_nc_oc=Q6cZ2QEbgzJJcc8jSsJGZboCSnfSpllDKIFMPsjHhdJtImaX2ezYqE9zvmUtM9miG-0kIm8&_nc_ohc=1QBthaoaAUMQ7kNvwGzKIbM&_nc_gid=Ju-zSWyFTbEt8k6Ki-wWXg&edm=ANTKIIoBAAAA&ccb=7-5&oh=00_AfYDmhmkcOm9TCdiELiXOzbNn3dBMXx2abyN97gdPJUy6w&oe=68C8E3C6&_nc_sid=d885a2""}]",741,51,"{""profile_id"": null, ""username"": null, ""profile_url"": null}","[""https://scontent-atl3-2.cdninstagram.com/v/t51.2885-15/544784656_18523744357000660_6561919512543337023_n.jpg?stp=dst-jpg_e35_p1080x1080_sh0.08_tt6&_nc_ht=scontent-atl3-2.cdninstagram.com&_nc_cat=104&_nc_oc=Q6cZ2QEbgzJJcc8jSsJGZboCSnfSpllDKIFMPsjHhdJtImaX2ezYqE9zvmUtM9miG-0kIm8&_nc_ohc=uWtiPd8c47wQ7kNvwFFptuk&_nc_gid=Ju-zSWyFTbEt8k6Ki-wWXg&edm=ANTKIIoBAAAA&ccb=7-5&oh=00_AfabrCqayysaDGYgDcnvM_c7r341SU3nwSKrfxra_bNMDg&oe=68C8CDFF&_nc_sid=d885a2""]",0,3714571128380831340,"[{""index"": 0, ""type"": ""Video"", ""url"": ""https://scontent-atl3-3.cdninstagram.com/o1/v/t2/f2/m86/AQMTlOwNOQs8EQ8vQ99OB6aD_3b5jj84RZ75NPUVaoZ95XoIg9Tvu24EH3UdBemjpEBWHLCgEh1kjV_yt61K_c7xPtww66M9wjJuhCk.mp4?_nc_cat=109&_nc_sid=5e9851&_nc_ht=scontent-atl3-3.cdninstagram.com&_nc_ohc=AbmubOmrPJAQ7kNvwFuSp65&efg=eyJ2ZW5jb2RlX3RhZyI6Inhwdl9wcm9ncmVzc2l2ZS5JTlNUQUdSQU0uQ0xJUFMuQzMuNzIwLmRhc2hfYmFzZWxpbmVfMV92MSIsInhwdl9hc3NldF9pZCI6MjE4NDc1NjUyODY4NTEyNiwidmlfdXNlY2FzZV9pZCI6MTAwOTksImR1cmF0aW9uX3MiOjg3LCJ1cmxnZW5fc291cmNlIjoid3d3In0%3D&ccb=17-1&vs=441e0b94341b99d6&_nc_vs=HBksFQIYUmlnX3hwdl9yZWVsc19wZXJtYW5lbnRfc3JfcHJvZC9FRTRCREFGMThEQTJEOUQzMDAyMjJCRkZGQkEwMTE5Nl92aWRlb19kYXNoaW5pdC5tcDQVAALIARIAFQIYOnBhc3N0aHJvdWdoX2V2ZXJzdG9yZS9HQVRQSXlCY1dCWHBuNmRaQU1yZ0IzSTJ4RFZ6YnFfRUFBQUYVAgLIARIAKAAYABsCiAd1c2Vfb2lsATEScHJvZ3Jlc3NpdmVfcmVjaXBlATEVAAAmjIGBzcjB4QcVAigCQzMsF0BV4hysCDEnGBJkYXNoX2Jhc2VsaW5lXzFfdjERAHX-B2XmnQEA&_nc_gid=Ju-zSWyFTbEt8k6Ki-wWXg&_nc_zt=28&oh=00_AfZD1582imj_Rp0lzaaXpxQwEmQy4P3j3D4Hfcp-SHcM5g&oe=68C504AA"", ""id"": ""3714571128380831340""}]",3714571128380831340,224,clips,https://scontent-atl3-2.cdninstagram.com/v/t51.2885-19/504141622_18506881786000660_7745622496317881534_n.jpg?stp=dst-jpg_s150x150_tt6&efg=eyJ2ZW5jb2RlX3RhZyI6InByb2ZpbGVfcGljLmRqYW5nby4xMDgwLmMyIn0&_nc_ht=scontent-atl3-2.cdninstagram.com&_nc_cat=104&_nc_oc=Q6cZ2QEbgzJJcc8jSsJGZboCSnfSpllDKIFMPsjHhdJtImaX2ezYqE9zvmUtM9miG-0kIm8&_nc_ohc=BXcheQxHh-sQ7kNvwEdBh_v&_nc_gid=Ju-zSWyFTbEt8k6Ki-wWXg&edm=ANTKIIoBAAAA&ccb=7-5&oh=00_AfYSi0QGkMqcb9DOp-IUbjBXlLOvBacgIAz6KWHRjxUJhQ&oe=68C8E930&_nc_sid=d885a2,https://www.instagram.com/giannacristante,DOMzsK4D7Zs,,https://scontent-atl3-2.cdninstagram.com/v/t51.2885-15/544784656_18523744357000660_6561919512543337023_n.jpg?stp=c0.513.1320.1320a_dst-jpg_e35_s640x640_sh0.08_tt6&_nc_ht=scontent-atl3-2.cdninstagram.com&_nc_cat=104&_nc_oc=Q6cZ2QEbgzJJcc8jSsJGZboCSnfSpllDKIFMPsjHhdJtImaX2ezYqE9zvmUtM9miG-0kIm8&_nc_ohc=uWtiPd8c47wQ7kNvwFFptuk&_nc_gid=Ju-zSWyFTbEt8k6Ki-wWXg&edm=ANTKIIoBAAAA&ccb=7-5&oh=00_AfYIsrXhvBngmVeUqT36gwA7NrMxUhgvwdhWjXjuaa9iOA&oe=68C8CDFF&_nc_sid=d885a2,2025-09-11T17:53:28.744Z,https://www.instagram.com/p/DOMzsK4D7Zs/,giannacristante,22464659,29798,8393,"[""https://scontent-atl3-3.cdninstagram.com/o1/v/t2/f2/m86/AQMTlOwNOQs8EQ8vQ99OB6aD_3b5jj84RZ75NPUVaoZ95XoIg9Tvu24EH3UdBemjpEBWHLCgEh1kjV_yt61K_c7xPtww66M9wjJuhCk.mp4?_nc_cat=109&_nc_sid=5e9851&_nc_ht=scontent-atl3-3.cdninstagram.com&_nc_ohc=AbmubOmrPJAQ7kNvwFuSp65&efg=eyJ2ZW5jb2RlX3RhZyI6Inhwdl9wcm9ncmVzc2l2ZS5JTlNUQUdSQU0uQ0xJUFMuQzMuNzIwLmRhc2hfYmFzZWxpbmVfMV92MSIsInhwdl9hc3NldF9pZCI6MjE4NDc1NjUyODY4NTEyNiwidmlfdXNlY2FzZV9pZCI6MTAwOTksImR1cmF0aW9uX3MiOjg3LCJ1cmxnZW5fc291cmNlIjoid3d3In0%3D&ccb=17-1&vs=441e0b94341b99d6&_nc_vs=HBksFQIYUmlnX3hwdl9yZWVsc19wZXJtYW5lbnRfc3JfcHJvZC9FRTRCREFGMThEQTJEOUQzMDAyMjJCRkZGQkEwMTE5Nl92aWRlb19kYXNoaW5pdC5tcDQVAALIARIAFQIYOnBhc3N0aHJvdWdoX2V2ZXJzdG9yZS9HQVRQSXlCY1dCWHBuNmRaQU1yZ0IzSTJ4RFZ6YnFfRUFBQUYVAgLIARIAKAAYABsCiAd1c2Vfb2lsATEScHJvZ3Jlc3NpdmVfcmVjaXBlATEVAAAmjIGBzcjB4QcVAigCQzMsF0BV4hysCDEnGBJkYXNoX2Jhc2VsaW5lXzFfdjERAHX-B2XmnQEA&_nc_gid=Ju-zSWyFTbEt8k6Ki-wWXg&_nc_zt=28&oh=00_AfZD1582imj_Rp0lzaaXpxQwEmQy4P3j3D4Hfcp-SHcM5g&oe=68C504AA""]","[{""url"": ""https://scontent-atl3-3.cdninstagram.com/o1/v/t2/f2/m86/AQMTlOwNOQs8EQ8vQ99OB6aD_3b5jj84RZ75NPUVaoZ95XoIg9Tvu24EH3UdBemjpEBWHLCgEh1kjV_yt61K_c7xPtww66M9wjJuhCk.mp4?_nc_cat=109&_nc_sid=5e9851&_nc_ht=scontent-atl3-3.cdninstagram.com&_nc_ohc=AbmubOmrPJAQ7kNvwFuSp65&efg=eyJ2ZW5jb2RlX3RhZyI6Inhwdl9wcm9ncmVzc2l2ZS5JTlNUQUdSQU0uQ0xJUFMuQzMuNzIwLmRhc2hfYmFzZWxpbmVfMV92MSIsInhwdl9hc3NldF9pZCI6MjE4NDc1NjUyODY4NTEyNiwidmlfdXNlY2FzZV9pZCI6MTAwOTksImR1cmF0aW9uX3MiOjg3LCJ1cmxnZW5fc291cmNlIjoid3d3In0%3D&ccb=17-1&vs=441e0b94341b99d6&_nc_vs=HBksFQIYUmlnX3hwdl9yZWVsc19wZXJtYW5lbnRfc3JfcHJvZC9FRTRCREFGMThEQTJEOUQzMDAyMjJCRkZGQkEwMTE5Nl92aWRlb19kYXNoaW5pdC5tcDQVAALIARIAFQIYOnBhc3N0aHJvdWdoX2V2ZXJzdG9yZS9HQVRQSXlCY1dCWHBuNmRaQU1yZ0IzSTJ4RFZ6YnFfRUFBQUYVAgLIARIAKAAYABsCiAd1c2Vfb2lsATEScHJvZ3Jlc3NpdmVfcmVjaXBlATEVAAAmjIGBzcjB4QcVAigCQzMsF0BV4hysCDEnGBJkYXNoX2Jhc2VsaW5lXzFfdjERAHX-B2XmnQEA&_nc_gid=Ju-zSWyFTbEt8k6Ki-wWXg&_nc_zt=28&oh=00_AfZD1582imj_Rp0lzaaXpxQwEmQy4P3j3D4Hfcp-SHcM5g&oe=68C504AA"", ""video_duration"": 87.538}]"
,"{""audio_asset_id"": ""817043957422738"", ""original_audio_title"": ""Mix: Instagram ‚Ä¢ Harp strum | Instagram ‚Ä¢ Whoosh (slice) 1"", ""ig_artist_username"": ""mami.a.bordo"", ""ig_artist_id"": ""mami.a.bordo""}",,DOMyARzjFL7,Reel,2025-09-05T00:03:01.000Z,"Sin duda cuando te conviertes en mam√° muchas cosas cambian. Nos volvemos m√°s sabias y m√°s pr√°cticas. 

Cu√©ntame qu√© es eso que nadie te ense√±√≥ pero aprendiste siendo mam√°. üíì

.
.
.

#motherhood #cosasdemam√°s #mommylife #momquotes #maternidad #sermadre #mommytips #mommyhacks",640,79390,"[""#motherhood"", ""#cosasdemam√°s"", ""#mommylife"", ""#momquotes"", ""#maternidad"", ""#sermadre"", ""#mommytips"", ""#mommyhacks""]",[],"{""url"": ""https://www.instagram.com/p/DOMyARzjFL7/""}",False,True,"[{""comments"": ""Llevarles snack en viajes de carretera SIEMPRE üôå"", ""user_commenting"": ""mommy.lunch"", ""likes"": 0, ""profile_picture"": ""https://scontent-lga3-1.cdninstagram.com/v/t51.2885-19/364264954_2598237266997134_7435259594722840052_n.jpg?stp=dst-jpg_s150x150_tt6&efg=eyJ2ZW5jb2RlX3RhZyI6InByb2ZpbGVfcGljLmRqYW5nby4xMDgwLmMyIn0&_nc_ht=scontent-lga3-1.cdninstagram.com&_nc_cat=102&_nc_oc=Q6cZ2QGhbG8h-w4EKN_R5EZzFtmGyMUXPqZt8CV_JmY2KXAjmrqmb_BImPSqTM1YboRD_8s&_nc_ohc=UtJvmyLpybUQ7kNvwEvPYmq&_nc_gid=jNijvrTU44B69SO6Keym1Q&edm=ANTKIIoBAAAA&ccb=7-5&oh=00_AfZI9dS0txyDJERQw17mTMGq2iMhW3LdkZrMjZLS6OmppQ&oe=68C8D0BD&_nc_sid=d885a2""}, {""comments"": ""Aplicar√© lo del men√∫ semanal  para organizarme por que luego estoy sin ideas .ü´£ü§≠"", ""user_commenting"": ""__bunnymom__"", ""likes"": 0, ""profile_picture"": ""https://scontent-lga3-2.cdninstagram.com/v/t51.2885-19/532338482_18520464202055376_7477076149946295268_n.jpg?stp=dst-jpg_s150x150_tt6&efg=eyJ2ZW5jb2RlX3RhZyI6InByb2ZpbGVfcGljLmRqYW5nby4xMDgwLmMyIn0&_nc_ht=scontent-lga3-2.cdninstagram.com&_nc_cat=100&_nc_oc=Q6cZ2QGhbG8h-w4EKN_R5EZzFtmGyMUXPqZt8CV_JmY2KXAjmrqmb_BImPSqTM1YboRD_8s&_nc_ohc=gwJgyEPzrv8Q7kNvwHY80P7&_nc_gid=jNijvrTU44B69SO6Keym1Q&edm=ANTKIIoBAAAA&ccb=7-5&oh=00_AfbjPLxMxO0SryZPqU8bxDVPY_-XH1xHJpxf1N5XZgj_Cg&oe=68C8C504&_nc_sid=d885a2""}, {""comments"": ""Eso de las temporadas de rebajas la s√∫per aplico y m√°s con zapatos üôå"", ""user_commenting"": ""adaluz.carvajal"", ""likes"": 1, ""profile_picture"": ""https://scontent-lga3-3.cdninstagram.com/v/t51.2885-19/533406552_18514656094033796_2682730683176436440_n.jpg?stp=dst-jpg_s150x150_tt6&efg=eyJ2ZW5jb2RlX3RhZyI6InByb2ZpbGVfcGljLmRqYW5nby42NDAuYzIifQ&_nc_ht=scontent-lga3-3.cdninstagram.com&_nc_cat=108&_nc_oc=Q6cZ2QGhbG8h-w4EKN_R5EZzFtmGyMUXPqZt8CV_JmY2KXAjmrqmb_BImPSqTM1YboRD_8s&_nc_ohc=qvnSCmtfXVUQ7kNvwEoMolX&_nc_gid=jNijvrTU44B69SO6Keym1Q&edm=ANTKIIoBAAAA&ccb=7-5&oh=00_AfbiDRCMF5FOZt8wZXyIAzY7lLi-9LQNLGdM2CbpWYtn8Q&oe=68C8C396&_nc_sid=d885a2""}, {""comments"": ""Preguntar varias veces si no quieren cenar algo antes de subirnos üò©ü§£"", ""user_commenting"": ""auroraymami"", ""likes"": 1, ""profile_picture"": ""https://scontent-lga3-2.cdninstagram.com/v/t51.2885-19/530528364_18075649574317428_7427427545935161721_n.jpg?stp=dst-jpg_s150x150_tt6&efg=eyJ2ZW5jb2RlX3RhZyI6InByb2ZpbGVfcGljLmRqYW5nby4xMDgwLmMyIn0&_nc_ht=scontent-lga3-2.cdninstagram.com&_nc_cat=100&_nc_oc=Q6cZ2QGhbG8h-w4EKN_R5EZzFtmGyMUXPqZt8CV_JmY2KXAjmrqmb_BImPSqTM1YboRD_8s&_nc_ohc=9ASkAVuHbbIQ7kNvwGsI3PW&_nc_gid=jNijvrTU44B69SO6Keym1Q&edm=ANTKIIoBAAAA&ccb=7-5&oh=00_AfbUnmWMmtN7_h9snIlvRuWGm-IXLTTgRJXkAg224AINjQ&oe=68C8DE28&_nc_sid=d885a2""}, {""comments"": ""Tener paciencia en los berrinches ü•∫ü•∫"", ""user_commenting"": ""nutrikidsbymariana"", ""likes"": 0, ""profile_picture"": ""https://scontent-lga3-2.cdninstagram.com/v/t51.2885-19/468899419_586409147124325_2555067284073903347_n.jpg?stp=dst-jpg_s150x150_tt6&efg=eyJ2ZW5jb2RlX3RhZyI6InByb2ZpbGVfcGljLmRqYW5nby4xMDgwLmMyIn0&_nc_ht=scontent-lga3-2.cdninstagram.com&_nc_cat=101&_nc_oc=Q6cZ2QGhbG8h-w4EKN_R5EZzFtmGyMUXPqZt8CV_JmY2KXAjmrqmb_BImPSqTM1YboRD_8s&_nc_ohc=r8Pr_XMFvEIQ7kNvwFsYahZ&_nc_gid=jNijvrTU44B69SO6Keym1Q&edm=ANTKIIoBAAAA&ccb=7-5&oh=00_AfbsgVbvrKk4xMijrm_ZwRlC5vEKec55WU1amEI2slulRQ&oe=68C8EC24&_nc_sid=d885a2""}, {""comments"": ""Eso de los ahorros siempre lo aplico"", ""user_commenting"": ""mamafuera.deservicio.mx"", ""likes"": 0, ""profile_picture"": ""https://scontent-lga3-3.cdninstagram.com/v/t51.2885-19/280299107_736459267386826_4577309734010762562_n.jpg?stp=dst-jpg_s150x150_tt6&efg=eyJ2ZW5jb2RlX3RhZyI6InByb2ZpbGVfcGljLmRqYW5nby4xMDgwLmMyIn0&_nc_ht=scontent-lga3-3.cdninstagram.com&_nc_cat=110&_nc_oc=Q6cZ2QGhbG8h-w4EKN_R5EZzFtmGyMUXPqZt8CV_JmY2KXAjmrqmb_BImPSqTM1YboRD_8s&_nc_ohc=ZupjZRYdT84Q7kNvwGRzGjM&_nc_gid=jNijvrTU44B69SO6Keym1Q&edm=ANTKIIoBAAAA&ccb=7-5&oh=00_AfafEFT7uJbAScuugzhCPBESJVtbaMtR1yEz0qZArm5GlQ&oe=68C8F6E1&_nc_sid=d885a2""}, {""comments"": ""Siempre estar un paso adelante üôå"", ""user_commenting"": ""mama.con.cafe"", ""likes"": 0, ""profile_picture"": ""https://scontent-lga3-3.cdninstagram.com/v/t51.2885-19/366447427_3653361194920714_1515003695810563976_n.jpg?stp=dst-jpg_s150x150_tt6&efg=eyJ2ZW5jb2RlX3RhZyI6InByb2ZpbGVfcGljLmRqYW5nby43MjAuYzIifQ&_nc_ht=scontent-lga3-3.cdninstagram.com&_nc_cat=110&_nc_oc=Q6cZ2QGhbG8h-w4EKN_R5EZzFtmGyMUXPqZt8CV_JmY2KXAjmrqmb_BImPSqTM1YboRD_8s&_nc_ohc=UNfXPkisSX8Q7kNvwHtX4ob&_nc_gid=jNijvrTU44B69SO6Keym1Q&edm=ANTKIIoBAAAA&ccb=7-5&oh=00_AfaGRGAtJ5vCwSwlzZiANMI_96WC5YdDLejKDP70JQAPDA&oe=68C8F2B4&_nc_sid=d885a2""}, {""comments"": ""Cargar con m√°s cosas por si se necesitan üòµ‚Äçüí´"", ""user_commenting"": ""karina.rflores"", ""likes"": 0, ""profile_picture"": ""https://scontent-lga3-2.cdninstagram.com/v/t51.2885-19/478326452_965856775505095_1718087976039566222_n.jpg?stp=dst-jpg_s150x150_tt6&efg=eyJ2ZW5jb2RlX3RhZyI6InByb2ZpbGVfcGljLmRqYW5nby42OTguYzIifQ&_nc_ht=scontent-lga3-2.cdninstagram.com&_nc_cat=107&_nc_oc=Q6cZ2QGhbG8h-w4EKN_R5EZzFtmGyMUXPqZt8CV_JmY2KXAjmrqmb_BImPSqTM1YboRD_8s&_nc_ohc=aUm6f9fjRSsQ7kNvwFGmt_J&_nc_gid=jNijvrTU44B69SO6Keym1Q&edm=ANTKIIoBAAAA&ccb=7-5&oh=00_Afa_MsU68uMhcmZ4i9EpFuceZ9kE17s0R9hjWaEcQ6GTLQ&oe=68C8D50F&_nc_sid=d885a2""}, {""comments"": ""Necesito hacer mi menu semanal !!"", ""user_commenting"": ""dennys_vaz"", ""likes"": 1, ""profile_picture"": ""https://scontent-lga3-1.cdninstagram.com/v/t51.2885-19/481971870_357856160756159_4030228068251025809_n.jpg?stp=dst-jpg_s150x150_tt6&efg=eyJ2ZW5jb2RlX3RhZyI6InByb2ZpbGVfcGljLmRqYW5nby4xMDgwLmMyIn0&_nc_ht=scontent-lga3-1.cdninstagram.com&_nc_cat=111&_nc_oc=Q6cZ2QGhbG8h-w4EKN_R5EZzFtmGyMUXPqZt8CV_JmY2KXAjmrqmb_BImPSqTM1YboRD_8s&_nc_ohc=tPgPx4j0kNsQ7kNvwGjDDXw&_nc_gid=jNijvrTU44B69SO6Keym1Q&edm=ANTKIIoBAAAA&ccb=7-5&oh=00_Afadl6_Oj9cpmdE9Pe7UjxgmwrHNRepeqtmpYWfJcGIWJw&oe=68C8EE4F&_nc_sid=d885a2""}, {""comments"": ""Pero nosotras nos volvemos expertas solas üôåüèº"", ""user_commenting"": ""mamafrom.theblock"", ""likes"": 1, ""profile_picture"": ""https://scontent-lga3-1.cdninstagram.com/v/t51.2885-19/434555622_1816282978894766_6653473752363749939_n.jpg?stp=dst-jpg_s150x150_tt6&efg=eyJ2ZW5jb2RlX3RhZyI6InByb2ZpbGVfcGljLmRqYW5nby4xMDgwLmMyIn0&_nc_ht=scontent-lga3-1.cdninstagram.com&_nc_cat=102&_nc_oc=Q6cZ2QGhbG8h-w4EKN_R5EZzFtmGyMUXPqZt8CV_JmY2KXAjmrqmb_BImPSqTM1YboRD_8s&_nc_ohc=PRptDnNpni4Q7kNvwEBpcpz&_nc_gid=jNijvrTU44B69SO6Keym1Q&edm=ANTKIIoBAAAA&ccb=7-5&oh=00_AfbxPhnDVGQMxcDGfdkUwVWOMX3uxapCP9Uv1tjtDfd1Dg&oe=68C8C93D&_nc_sid=d885a2""}]",,19,"{""profile_id"": null, ""username"": null, ""profile_url"": null}","[""https://scontent-lga3-1.cdninstagram.com/v/t51.2885-15/541217047_18078191401966970_6389788605650908336_n.jpg?stp=dst-jpg_e15_tt6&_nc_ht=scontent-lga3-1.cdninstagram.com&_nc_cat=102&_nc_oc=Q6cZ2QGhbG8h-w4EKN_R5EZzFtmGyMUXPqZt8CV_JmY2KXAjmrqmb_BImPSqTM1YboRD_8s&_nc_ohc=kmGiT4bhJCYQ7kNvwGPIt1J&_nc_gid=jNijvrTU44B69SO6Keym1Q&edm=ANTKIIoBAAAA&ccb=7-5&oh=00_AfYe2JpKwo_nzW4hBOBmkWb65sFtEvYNGTWHpS88lh7YSg&oe=68C8CE61&_nc_sid=d885a2""]",0,3714563714117817083,"[{""index"": 0, ""type"": ""Video"", ""url"": ""https://scontent-lga3-2.cdninstagram.com/o1/v/t2/f2/m86/AQPpFK0vj0JhN3PuC8nAi8FXoIkk8IR8HJ4iXI4vV8Ao7tf-R0TXngSg9MkgX3tr5plIKc9hzGbGhGbZZFEe9M24kEQOTz6NKTMAR3I.mp4?_nc_cat=105&_nc_sid=5e9851&_nc_ht=scontent-lga3-2.cdninstagram.com&_nc_ohc=fMgxz1WMPdMQ7kNvwHcjhjv&efg=eyJ2ZW5jb2RlX3RhZyI6Inhwdl9wcm9ncmVzc2l2ZS5JTlNUQUdSQU0uQ0xJUFMuQzMuNzIwLmRhc2hfYmFzZWxpbmVfMV92MSIsInhwdl9hc3NldF9pZCI6MTgzNTczOTI5MDM1MTc3NiwidmlfdXNlY2FzZV9pZCI6MTA4MjcsImR1cmF0aW9uX3MiOjI4LCJ1cmxnZW5fc291cmNlIjoid3d3In0%3D&ccb=17-1&vs=caaa57e3cae46988&_nc_vs=HBksFQIYUmlnX3hwdl9yZWVsc19wZXJtYW5lbnRfc3JfcHJvZC9CQjRBNzBEQjJCQTgyMUM1NzI4QUU0RkQyQzMwM0ZBQ192aWRlb19kYXNoaW5pdC5tcDQVAALIARIAFQIYOnBhc3N0aHJvdWdoX2V2ZXJzdG9yZS9HQ0ZSVkNCMHo1ZFAxT01DQURxSWFOMF8wVjB5YnFfRUFBQUYVAgLIARIAKAAYABsCiAd1c2Vfb2lsATEScHJvZ3Jlc3NpdmVfcmVjaXBlATEVAAAmwOLpxIvmwgYVAigCQzMsF0A8d0vGp--eGBJkYXNoX2Jhc2VsaW5lXzFfdjERAHX-B2WWqQEA&_nc_gid=jNijvrTU44B69SO6Keym1Q&_nc_zt=28&oh=00_AfazrA8BPv_wKomAZFWxePsYlP1Wl5Y3uOWqy8STHOjZTQ&oe=68C4E2B6"", ""id"": ""3714563714117817083""}]",3714563714117817083,570,clips,https://scontent-lga3-2.cdninstagram.com/v/t51.2885-19/442438889_1354121461889095_8116922699602890519_n.jpg?stp=dst-jpg_s150x150_tt6&efg=eyJ2ZW5jb2RlX3RhZyI6InByb2ZpbGVfcGljLmRqYW5nby4xMDgwLmMyIn0&_nc_ht=scontent-lga3-2.cdninstagram.com&_nc_cat=107&_nc_oc=Q6cZ2QGhbG8h-w4EKN_R5EZzFtmGyMUXPqZt8CV_JmY2KXAjmrqmb_BImPSqTM1YboRD_8s&_nc_ohc=pH4KIcA2-A8Q7kNvwHsxZ9P&_nc_gid=jNijvrTU44B69SO6Keym1Q&edm=ANTKIIoBAAAA&ccb=7-5&oh=00_AfYgXCG1-7V2UBK4BDtR3KehMEIoAJY3MU7pN3I54bbxtw&oe=68C8C770&_nc_sid=d885a2,https://www.instagram.com/mami.a.bordo,DOMyARzjFL7,,https://scontent-lga3-1.cdninstagram.com/v/t51.2885-15/541217047_18078191401966970_6389788605650908336_n.jpg?stp=c0.280.720.720a_dst-jpg_e15_s640x640_tt6&_nc_ht=scontent-lga3-1.cdninstagram.com&_nc_cat=102&_nc_oc=Q6cZ2QGhbG8h-w4EKN_R5EZzFtmGyMUXPqZt8CV_JmY2KXAjmrqmb_BImPSqTM1YboRD_8s&_nc_ohc=kmGiT4bhJCYQ7kNvwGPIt1J&_nc_gid=jNijvrTU44B69SO6Keym1Q&edm=ANTKIIoBAAAA&ccb=7-5&oh=00_AfZO-IVXqfMOmsVJtkuaMI8xzWemE5D6Q8zjAFp7epLx4A&oe=68C8CE61&_nc_sid=d885a2,2025-09-11T17:53:28.577Z,https://www.instagram.com/p/DOMyARzjFL7/,mami.a.bordo,28801606969,1940,640,"[""https://scontent-lga3-2.cdninstagram.com/o1/v/t2/f2/m86/AQPpFK0vj0JhN3PuC8nAi8FXoIkk8IR8HJ4iXI4vV8Ao7tf-R0TXngSg9MkgX3tr5plIKc9hzGbGhGbZZFEe9M24kEQOTz6NKTMAR3I.mp4?_nc_cat=105&_nc_sid=5e9851&_nc_ht=scontent-lga3-2.cdninstagram.com&_nc_ohc=fMgxz1WMPdMQ7kNvwHcjhjv&efg=eyJ2ZW5jb2RlX3RhZyI6Inhwdl9wcm9ncmVzc2l2ZS5JTlNUQUdSQU0uQ0xJUFMuQzMuNzIwLmRhc2hfYmFzZWxpbmVfMV92MSIsInhwdl9hc3NldF9pZCI6MTgzNTczOTI5MDM1MTc3NiwidmlfdXNlY2FzZV9pZCI6MTA4MjcsImR1cmF0aW9uX3MiOjI4LCJ1cmxnZW5fc291cmNlIjoid3d3In0%3D&ccb=17-1&vs=caaa57e3cae46988&_nc_vs=HBksFQIYUmlnX3hwdl9yZWVsc19wZXJtYW5lbnRfc3JfcHJvZC9CQjRBNzBEQjJCQTgyMUM1NzI4QUU0RkQyQzMwM0ZBQ192aWRlb19kYXNoaW5pdC5tcDQVAALIARIAFQIYOnBhc3N0aHJvdWdoX2V2ZXJzdG9yZS9HQ0ZSVkNCMHo1ZFAxT01DQURxSWFOMF8wVjB5YnFfRUFBQUYVAgLIARIAKAAYABsCiAd1c2Vfb2lsATEScHJvZ3Jlc3NpdmVfcmVjaXBlATEVAAAmwOLpxIvmwgYVAigCQzMsF0A8d0vGp--eGBJkYXNoX2Jhc2VsaW5lXzFfdjERAHX-B2WWqQEA&_nc_gid=jNijvrTU44B69SO6Keym1Q&_nc_zt=28&oh=00_AfazrA8BPv_wKomAZFWxePsYlP1Wl5Y3uOWqy8STHOjZTQ&oe=68C4E2B6""]","[{""url"": ""https://scontent-lga3-2.cdninstagram.com/o1/v/t2/f2/m86/AQPpFK0vj0JhN3PuC8nAi8FXoIkk8IR8HJ4iXI4vV8Ao7tf-R0TXngSg9MkgX3tr5plIKc9hzGbGhGbZZFEe9M24kEQOTz6NKTMAR3I.mp4?_nc_cat=105&_nc_sid=5e9851&_nc_ht=scontent-lga3-2.cdninstagram.com&_nc_ohc=fMgxz1WMPdMQ7kNvwHcjhjv&efg=eyJ2ZW5jb2RlX3RhZyI6Inhwdl9wcm9ncmVzc2l2ZS5JTlNUQUdSQU0uQ0xJUFMuQzMuNzIwLmRhc2hfYmFzZWxpbmVfMV92MSIsInhwdl9hc3NldF9pZCI6MTgzNTczOTI5MDM1MTc3NiwidmlfdXNlY2FzZV9pZCI6MTA4MjcsImR1cmF0aW9uX3MiOjI4LCJ1cmxnZW5fc291cmNlIjoid3d3In0%3D&ccb=17-1&vs=caaa57e3cae46988&_nc_vs=HBksFQIYUmlnX3hwdl9yZWVsc19wZXJtYW5lbnRfc3JfcHJvZC9CQjRBNzBEQjJCQTgyMUM1NzI4QUU0RkQyQzMwM0ZBQ192aWRlb19kYXNoaW5pdC5tcDQVAALIARIAFQIYOnBhc3N0aHJvdWdoX2V2ZXJzdG9yZS9HQ0ZSVkNCMHo1ZFAxT01DQURxSWFOMF8wVjB5YnFfRUFBQUYVAgLIARIAKAAYABsCiAd1c2Vfb2lsATEScHJvZ3Jlc3NpdmVfcmVjaXBlATEVAAAmwOLpxIvmwgYVAigCQzMsF0A8d0vGp--eGBJkYXNoX2Jhc2VsaW5lXzFfdjERAHX-B2WWqQEA&_nc_gid=jNijvrTU44B69SO6Keym1Q&_nc_zt=28&oh=00_AfazrA8BPv_wKomAZFWxePsYlP1Wl5Y3uOWqy8STHOjZTQ&oe=68C4E2B6"", ""video_duration"": 28.466}]"
